{
  "0": {
    "count": 1769,
    "VTI": {
      "mean": 1.092430520287713,
      "std": 0.015107156073459357,
      "min": 1.0671276357168225,
      "max": 1.4208195887220803,
      "median": 1.0899236185977947
    },
    "Width": {
      "mean": 4.0610840876060585,
      "std": 0.5660473053593087,
      "min": 3.010482673783008,
      "max": 6.096536418083184,
      "median": 3.9502309585622624
    },
    "Density": {
      "mean": 0.02231114216616357,
      "std": 0.0035780074862387166,
      "min": 0.00832366943359375,
      "max": 0.030040740966796875
    }
  },
  "1": {
    "count": 359,
    "VTI": {
      "mean": 1.0942935469678812,
      "std": 0.013682844162336517,
      "min": 1.073417079954684,
      "max": 1.2178264896643212,
      "median": 1.0919216814315185
    },
    "Width": {
      "mean": 3.8020571656080064,
      "std": 0.33917790732721653,
      "min": 2.970652847856007,
      "max": 5.131346881013869,
      "median": 3.7703831422283103
    },
    "Density": {
      "mean": 0.018971711480185845,
      "std": 0.0036365736567567993,
      "min": 0.008655548095703125,
      "max": 0.028789520263671875
    }
  },
  "2": {
    "count": 921,
    "VTI": {
      "mean": 1.0954559417278105,
      "std": 0.012867640018845612,
      "min": 1.0738198218936956,
      "max": 1.2135659337013511,
      "median": 1.0931929880103721
    },
    "Width": {
      "mean": 3.786324158179788,
      "std": 0.3482476327958322,
      "min": 2.935114974764296,
      "max": 5.139843182012148,
      "median": 3.7392712523803993
    },
    "Density": {
      "mean": 0.017985626618326294,
      "std": 0.0035221411668653587,
      "min": 0.00769805908203125,
      "max": 0.02880096435546875
    }
  },
  "3": {
    "count": 183,
    "VTI": {
      "mean": 1.0987987710328486,
      "std": 0.016439614015721797,
      "min": 1.071077504314891,
      "max": 1.2135659337013511,
      "median": 1.0961938927547228
    },
    "Width": {
      "mean": 3.794775031340587,
      "std": 0.3314335070611961,
      "min": 3.066993817110275,
      "max": 4.730072534041975,
      "median": 3.764416035157348
    },
    "Density": {
      "mean": 0.01664183569736168,
      "std": 0.0037417188026336316,
      "min": 0.007747650146484375,
      "max": 0.02532196044921875
    }
  },
  "4": {
    "count": 275,
    "VTI": {
      "mean": 1.097361921054982,
      "std": 0.012632705249558927,
      "min": 1.076028529427297,
      "max": 1.1875075319696815,
      "median": 1.094928424639771
    },
    "Width": {
      "mean": 3.7885729621820166,
      "std": 0.3585197807319682,
      "min": 2.946876875988363,
      "max": 5.2369649165896135,
      "median": 3.7538449547832102
    },
    "Density": {
      "mean": 0.016107871315696024,
      "std": 0.0037904666662252028,
      "min": 0.00664520263671875,
      "max": 0.02685546875
    }
  }
}