{
  "VTI": {
    "min": 1.0671276357168225,
    "max": 1.4208195887220803,
    "mean": 1.0941347589024462,
    "std": 0.01443136514931733,
    "median": 1.0915096489956582
  },
  "Width": {
    "min": 2.935114974764296,
    "max": 6.096536418083184,
    "mean": 3.927146341159783,
    "std": 0.48922035854363083,
    "median": 3.859741371740783
  },
  "Density": {
    "min": 0.00664520263671875,
    "max": 0.030040740966796875,
    "mean": 0.02005108000377593,
    "std": 0.0043091066095816465,
    "median": 0.020214080810546875
  }
}